"","week","20141128","20141205","20141212","20141219","20141226","20150102","20150109","20150116","20150123","20150130","20150206","20150213","20150220","20150227","20150306","20150313"
"1",1,"미생","미생","조현아","조현아","조현아","조현아","토토가","인천어린이집","클라라","유튜브","유튜브","이완구","유튜브","유튜브","이태임","킬미힐미"
"2",2,"공무원연금","공무원연금","대한항공","대한항공","미생","토토가","무한도전","피노키오","연말정산","크림빵뺑소니","킬미힐미","유튜브","이완구","킬미힐미","갤럭시s6","유튜브"
"3",3,"삼성전자","삼성전자","대한항공조현아","미생","청담동스캔들","무한도전","피노키오","의정부화재","유튜브","클라라","조현아","킬미힐미","킬미힐미","김현중","킬미힐미","포스코"
"4",4,"삼성테크윈","삼성테크윈","미생","청담동스캔들","가요대전","에어아시아","구제역","조현아","현대중공업","킬미힐미","is","문재인","펀치","이민정","유튜브","삼성전자"
"5",5,"피노키오","피노키오","청담동스캔들","피노키오","피노키오","유재석","조현아","현대중공업","이민호","힐러","힐러","조현아","가족끼리왜이래","금호산업","김기종","현대중공업"
"6",6,"x온라인","x온라인","정윤회","노수람","대한항공","청담동스캔들","삼성전자","골든디스크","힐러","삼성전자","삼성전자","손호준","문재인","간통죄","리퍼트","경찰"
"7",7,"농협","농협","삼성전자","청룡영화제","아프리카시상식","국제시장","이병헌이지연","경찰","is","박신혜","경찰","힐러","is","삼성전자","삼성전자","홍영기"
"8",8,"현대중공업","현대중공업","피노키오","삼성전자","삼성전자","임세령","경찰","안산인질극","조현아","포스코","현대중공업","영종대교","경찰","경찰","경찰","엑소"
"9",9,"청담동스캔들","청담동스캔들","땅콩리턴","통합진보당","경찰","조현민","이병헌","대한항공","경찰","이종석","압구정백야","현대중공업","전설의마녀","문재인","김영란법","서정희"
"10",10,"곽진언","곽진언","신은미","경찰","한수원","mbc연기대상","국제시장","삼성전자","킬미힐미","현대중공업","손흥민","김소은","손흥민","is","예원","현대자동차"
"11",11,"경찰","경찰","kt","송가연","현대중공업","천년도","현대중공업","이민호","디스패치","이완구","포스코","경찰","빛나거나미치거나","kt","포스코","갤럭시s6"
"12",12,"삼성","삼성","땅콩리턴조현아","러시아","가요대축제","sbs연기대상","백화점모녀","이승기","이민정","경찰","이완구","삼성전자","삼성전자","세종시","문재인","문재인"
"13",13,"kt","kt","조양호","천년도","가족끼리왜이래","경찰","대한항공","힐러","삼성전자","아시안컵","문재인","is","블러드","신화","현대중공업","kt"
"14",14,"대한항공","대한항공","경찰","포스코","포스코","연예대상","이지연","구제역","박신혜","이민호","슈틸리케","압구정백야","박신혜","드레스색깔","김수현","전설의마녀"
"15",15,"블랙프라이데이","블랙프라이데이","조현아부사장","수지","북한","mbc방송연예대상","힐러","엑소","디스패치클라라","박태환","요르단","포스코","현대중공업","현대중공업","kt","리퍼트"
"16",16,"허니버터칩","허니버터칩","공무원연금","kt","엑소","대한항공","포스코","토토가","포스코","슈틸리케","박신혜","대한항공","이진아","지창욱","압구정백야","압구정백야"
"17",17,"장예원","장예원","대한항공사과문","현대중공업","강정호","피노키오","ces2015","포스코","이수","엔씨소프트","대한항공","엔씨소프트","김소은","이병헌","금호산업","가인"
"18",18,"이진아","이진아","클라라","땅콩회항조현아","무한도전","삼성전자","이승기","유튜브","제주항공","한국이라크","북한","북한","북한","포스코","전설의마녀","풍문으로들었소"
"19",19,"에볼라","에볼라","수지","김구라","구제역","sbs연예대상","위메프","북한","서울가요대상","kt","윤은혜","kt","하녀들","빛나거나미치거나","북한","김기종"
"20",20,"한화","한화","포스코","가족끼리왜이래","에이핑크","가족끼리왜이래","유재석","국제시장","차두리","이수경","kt","빛나거나미치거나","k팝스타4","풍문으로들었소","케이티김","김수현"
